id,code,question,answer,prediction,accuracy,completeness,relevance,clarity,accuracy_initial,completeness_initial,relevance_initial,clarity_initial,accuracy_rescored,completeness_rescored,relevance_rescored,clarity_rescored,teacher_intervened
0,def log configure for key value in settings LOGGING items if isinstance cfg[key] dict cfg[key] update value else cfg[key] value USE SYSLOG settings HAS SYSLOG and not settings DEBUG if USE SYSLOG cfg['loggers']['z timer'] {'handlers' ['syslog 2 ']}for logger in cfg['loggers'] values + [cfg['root']] if 'handlers' not in logger logger['handlers'] [ 'syslog' if USE SYSLOG else 'console' ]if 'level' not in logger logger['level'] settings LOG LEVE Lif logger is not cfg['root'] and 'propagate' not in logger logger['propagate'] Falselogging config dict Config cfg,For what purpose do you call this explicitly ?,to configure logging,Logging configuration,,,,,,,,,,,,,True
1,def fix paths job tmp files []args []for x in job args if isinstance x luigi contrib hdfs Hdfs Target if x exists or not job atomic output args append x path else x path no slash x path[ -1 ] if x path[ -1 ] '/' else x path y luigi contrib hdfs Hdfs Target x path no slash + '-luigi-tmp-% 09 d' % random randrange 0 10000000000 0 tmp files append y x path no slash logger info ' Usingtemppath %sforpath%s' y path x path args append y path else try args append x path except Attribute Error args append str x return tmp files args,When do temporary files use ?,when used for output,"Temporary files use for output, context manager, final target path, logger info",,,,,,,,,,,,,True
2,def luhn candidate if not isinstance candidate basestring candidate str candidate try evens sum [int c for c in candidate[ -1 -2 ]] odds sum [LUHN ODD LOOKUP[int c ] for c in candidate[ -2 -2 ]] return evens + odds % 10 0 except Value Error return False,How does a candidate number for validity check ?,according to the luhn algorithm,Calculates Luhn algorithm.,,,,,,,,,,,,,False
3,def test multi render Chart datas chart Chart chart make data chart datas svg chart render for i in range 2 assert svg chart render,What do a chart render always ?,the same,It always renders the same thing.,,,,,,,,,,,,,False
4,def test cp 20603 import osfor root files dirs in os walk '' for f in files temp os path join root f,Does this throw a valueerror ?,No,No,,,,,,,,,,,,,True
5,def get Flipped Loop element Node loop prefix flip Points element Node loop prefix if get Should Reverse element Node prefix loop reverse return loop,In which direction did the code flip ?,loop,Backwards.,,,,,,,,,,,,,True
6,def mk XRD Tag t return ns Tag XRD NS 2 0 t,Where does the code basestring - > basestring create a tag name ?,in the xrd 2,"The code creates a tag name in the XRD 2 by using the basestring-to-basestring function to convert a string into a basestring, which is used as the name of a tag in an XML document.",,,,,,,,,,,,,True
7,@gen enginedef Get Registry logs store path callback contents ''contents yield gen Task logs store Get path must exist False if contents is None callback None returnbuf c String IO String IO contents buf seek 0 files []entries buf readlines for f in entries if f files append f strip buf close callback files,Where does the code open the registry in s3 ?,at path,S3,,,,,,,,,,,,,False
8,@skip 'multiple execute' @retry on failuredef test makefile refcount def echoer port s socket socket s bind 'localhost' port s listen 5 s2 ignore s accept s2 send s2 recv 10 port 50008 thread start new thread echoer port time sleep 0 s socket socket s connect 'localhost' port f1 s makefile 'r' f2 s makefile 'w' s close test msg 'abc\n'f 2 write test msg f2 flush str f1 readline Assert str test msg,Till when does a file associated s ?,still,A file handle.,,,,,,,,,,,,,False
9,def retry retries delay Secs fn *args **keywords tries 0while not fn *args **keywords and tries < retries sleep delay Secs tries + 1if tries > retries error '***gaveupafter%iretries\n' % tries exit 1,When does the code try something ?,several times,The code tries to perform a database operation with exponential backoff.,,,,,,,,,,,,,True
10,def retry on signal function while True try return function except Environment Error as e if e errno errno EINTR raise,Does it raise an eintr error ?,No,Yes.,,,,,,,,,,,,,True
